id,brand,model,price,ram,storage,processor,camera,battery,display,refresh_rate,charging,network,rating,gaming_score,camera_score,battery_score
1,Samsung,Galaxy M35 5G,22999,8,128,Exynos 1380,50MP,6000mAh,AMOLED,120Hz,25W,5G,4.4,78,85,95
2,Samsung,Galaxy F55 5G,26999,8,128,Snapdragon 7 Gen 1,50MP,5000mAh,sAMOLED+,120Hz,45W,5G,4.4,82,89,84
3,Samsung,Galaxy A35 5G,27999,8,128,Exynos 1380,50MP,5000mAh,Super AMOLED,120Hz,25W,5G,4.3,77,88,84
4,Samsung,Galaxy A25 5G,24999,8,128,Exynos 1280,50MP,5000mAh,Super AMOLED,120Hz,25W,5G,4.2,72,84,85
5,Redmi,Note 13 5G,18999,8,128,Dimensity 6080,108MP,5000mAh,AMOLED,120Hz,33W,5G,4.3,72,92,82
6,Redmi,Note 13 Pro 5G,25999,8,128,Snapdragon 7s Gen 2,200MP,5100mAh,AMOLED,120Hz,67W,5G,4.4,86,96,87
7,Redmi,Note 13 Pro+ 5G,29999,8,256,Dimensity 7200 Ultra,200MP,5000mAh,AMOLED,120Hz,120W,5G,4.5,90,97,84
8,Redmi,Note 14 5G,19999,8,128,Dimensity 7025 Ultra,50MP,5110mAh,AMOLED,120Hz,45W,5G,4.3,77,91,88
9,OnePlus,Nord CE 3 Lite 5G,21999,8,128,Snapdragon 695,108MP,5000mAh,LCD,120Hz,67W,5G,4.2,75,88,80
10,OnePlus,Nord CE4,24999,8,128,Snapdragon 7 Gen 3,50MP,5500mAh,AMOLED,120Hz,100W,5G,4.4,88,87,94
11,OnePlus,Nord 4,29999,8,128,Snapdragon 7+ Gen 3,50MP,5500mAh,AMOLED,120Hz,100W,5G,4.5,94,88,94
12,OnePlus,Nord CE4 Lite,19999,8,128,Snapdragon 695,50MP,5500mAh,AMOLED,120Hz,80W,5G,4.2,74,82,93
13,iQOO,Z9 5G,20999,8,128,Dimensity 7200,50MP,5000mAh,AMOLED,120Hz,44W,5G,4.3,92,80,82
14,iQOO,Z9x 5G,16999,8,128,Snapdragon 6 Gen 1,50MP,6000mAh,LCD,120Hz,44W,5G,4.3,84,78,96
15,iQOO,Z9s 5G,24999,8,128,Dimensity 7300,50MP,5500mAh,AMOLED,120Hz,44W,5G,4.4,89,86,94
16,iQOO,Z9 Pro 5G,29999,8,256,Dimensity 7300,50MP,5500mAh,AMOLED,120Hz,80W,5G,4.5,91,88,94
17,Motorola,Edge 50 Fusion,24999,8,128,Snapdragon 7s Gen 2,50MP,5000mAh,pOLED,144Hz,68W,5G,4.5,85,90,84
18,Motorola,Edge 50 Neo,28999,8,256,Dimensity 7300,50MP,4310mAh,pOLED,120Hz,68W,5G,4.4,82,91,77
19,Motorola,Moto G85 5G,17999,8,128,Snapdragon 6s Gen 3,50MP,5000mAh,pOLED,120Hz,33W,5G,4.2,73,84,84
20,Motorola,Edge 40 Neo,22999,8,128,Dimensity 7030,50MP,5000mAh,pOLED,144Hz,68W,5G,4.3,82,88,84
21,Realme,12 Pro 5G,23999,8,128,Snapdragon 6 Gen 1,50MP,5000mAh,AMOLED,120Hz,67W,5G,4.4,76,91,83
22,Realme,13 Pro 5G,26999,8,128,Snapdragon 7s Gen 2,50MP,5200mAh,OLED,120Hz,45W,5G,4.4,82,93,88
23,Realme,GT 6T,29999,8,128,Snapdragon 7+ Gen 3,50MP,5500mAh,LTPO AMOLED,120Hz,120W,5G,4.5,95,89,95
24,Realme,P1 5G,17999,8,128,Dimensity 7050,50MP,5000mAh,AMOLED,120Hz,45W,5G,4.3,87,82,85
25,Nothing,Phone 2a,23999,8,128,Dimensity 7200 Pro,50MP,5000mAh,AMOLED,120Hz,45W,5G,4.4,88,86,84
26,Nothing,Phone 2a Plus,27999,8,256,Dimensity 7350 Pro,50MP,5000mAh,AMOLED,120Hz,50W,5G,4.4,91,88,85
27,Poco,X6 5G,21999,8,256,Snapdragon 7s Gen 2,64MP,5100mAh,AMOLED,120Hz,67W,5G,4.3,90,84,86
28,Poco,X6 Pro 5G,26999,8,256,Dimensity 8300 Ultra,64MP,5000mAh,AMOLED,120Hz,67W,5G,4.5,97,83,84
29,Poco,M6 Pro 5G,14999,6,128,Snapdragon 4 Gen 2,50MP,5000mAh,LCD,90Hz,18W,5G,4.1,68,76,82
30,Vivo,T3 5G,19999,8,128,Dimensity 7200,50MP,5000mAh,AMOLED,120Hz,44W,5G,4.3,88,86,84
31,Vivo,T3 Pro 5G,24999,8,128,Snapdragon 7 Gen 3,50MP,5500mAh,AMOLED,120Hz,80W,5G,4.4,91,89,94
32,Vivo,V30e 5G,27999,8,128,Snapdragon 6 Gen 1,50MP,5500mAh,AMOLED,120Hz,44W,5G,4.4,78,94,93
33,Oppo,F25 Pro 5G,23999,8,128,Dimensity 7050,64MP,5000mAh,AMOLED,120Hz,67W,5G,4.3,78,90,84
34,Oppo,F27 5G,22999,8,128,Dimensity 6300,50MP,5000mAh,AMOLED,120Hz,45W,5G,4.3,75,89,84
35,Oppo,Reno 12 5G,29999,8,256,Dimensity 7300 Energy,50MP,5000mAh,AMOLED,120Hz,80W,5G,4.4,84,94,86
36,Lava,Blaze Curve 5G,17999,8,128,Dimensity 7300,64MP,5000mAh,AMOLED,120Hz,33W,5G,4.2,82,86,84
37,CMF,Phone 1,17999,8,128,Dimensity 7300,50MP,5000mAh,AMOLED,120Hz,33W,5G,4.3,84,84,85
38,Infinix,GT 20 Pro,24999,8,256,Dimensity 8200 Ultimate,108MP,5000mAh,AMOLED,144Hz,45W,5G,4.4,96,88,84
39,Tecno,Camon 30 5G,22999,8,256,Dimensity 7020,50MP,5000mAh,AMOLED,120Hz,70W,5G,4.3,77,93,84
40,Honor,200 5G,29999,8,256,Snapdragon 7 Gen 3,50MP,5200mAh,OLED,120Hz,100W,5G,4.5,84,96,89